{
  "IcoMoonType": "selection",
  "icons": [
    {
      "icon": {
        "paths": [
          "M1024 48.147l-21.985-23.169-490.015 464.989-490.015-464.989-21.985 23.169 488.767 463.837-488.767 463.837 21.985 23.201 490.015-464.989 490.015 464.989 21.985-23.201-488.767-463.837z"
        ],
        "attrs": [
          {}
        ],
        "isMulticolor": false,
        "isMulticolor2": false,
        "grid": 0,
        "tags": [
          "lineari-cancel"
        ]
      },
      "attrs": [
        {}
      ],
      "properties": {
        "order": 57,
        "id": 0,
        "name": "close2",
        "prevSize": 32,
        "code": 59652
      },
      "setIdx": 0,
      "setId": 10,
      "iconIdx": 0
    },
    {
      "icon": {
        "paths": [
          "M213.333 0h597.333q53 0 90.5 37.5t37.5 90.5v768q0 53-37.5 90.5t-90.5 37.5h-597.333q-53 0-90.5-37.5t-37.5-90.5v-768q0-53 37.5-90.5t90.5-37.5zM341.333 725.333h341.333q17.667 0 30.167 12.5t12.5 30.167-12.5 30.167-30.167 12.5h-341.333q-17.667 0-30.167-12.5t-12.5-30.167 12.5-30.167 30.167-12.5zM341.333 554.667h341.333q17.667 0 30.167 12.5t12.5 30.167-12.5 30.167-30.167 12.5h-341.333q-17.667 0-30.167-12.5t-12.5-30.167 12.5-30.167 30.167-12.5zM810.667 85.333h-597.333q-17.667 0-30.167 12.5t-12.5 30.167v768q0 17.667 12.5 30.167t30.167 12.5h597.333q17.667 0 30.167-12.5t12.5-30.167v-768q0-17.667-12.5-30.167t-30.167-12.5zM341.333 384h341.333q17.667 0 30.167 12.5t12.5 30.167-12.5 30.167-30.167 12.5h-341.333q-17.667 0-30.167-12.5t-12.5-30.167 12.5-30.167 30.167-12.5zM341.333 213.333h170.667q17.667 0 30.167 12.5t12.5 30.167-12.5 30.167-30.167 12.5h-170.667q-17.667 0-30.167-12.5t-12.5-30.167 12.5-30.167 30.167-12.5z"
        ],
        "attrs": [
          {}
        ],
        "isMulticolor": false,
        "isMulticolor2": false,
        "tags": [
          "paper"
        ],
        "grid": 24
      },
      "attrs": [
        {}
      ],
      "properties": {
        "order": 1,
        "id": 0,
        "prevSize": 24,
        "code": 59656,
        "name": "paper"
      },
      "setIdx": 1,
      "setId": 9,
      "iconIdx": 0
    },
    {
      "icon": {
        "paths": [
          "M268.194 1024l-24.388-24.37 487.63-487.63-487.63-487.63 24.388-24.37 512 512z"
        ],
        "attrs": [
          {
            "fill": "rgb(72, 160, 220)"
          }
        ],
        "isMulticolor": false,
        "isMulticolor2": false,
        "grid": 24,
        "tags": [
          "right-arrow"
        ]
      },
      "attrs": [
        {
          "fill": "rgb(72, 160, 220)"
        }
      ],
      "properties": {
        "order": 14,
        "id": 0,
        "name": "right-arrow",
        "prevSize": 24,
        "code": 59651
      },
      "setIdx": 8,
      "setId": 2,
      "iconIdx": 0
    },
    {
      "icon": {
        "paths": [
          "M534 298v224l192 114-32 54-224-136v-256h64zM512 854c188 0 342-154 342-342s-154-342-342-342-342 154-342 342 154 342 342 342zM512 86c236 0 426 190 426 426s-190 426-426 426-426-190-426-426 190-426 426-426z"
        ],
        "attrs": [],
        "isMulticolor": false,
        "isMulticolor2": false,
        "tags": [
          "schedule"
        ],
        "defaultCode": 59573,
        "grid": 24
      },
      "attrs": [],
      "properties": {
        "order": 5,
        "ligatures": "access_time, query_builder, schedule",
        "id": 4,
        "prevSize": 24,
        "code": 59573,
        "name": "time"
      },
      "setIdx": 9,
      "setId": 1,
      "iconIdx": 4
    },
    {
      "icon": {
        "paths": [
          "M854 470v84h-520l238 240-60 60-342-342 342-342 60 60-238 240h520z"
        ],
        "attrs": [],
        "isMulticolor": false,
        "isMulticolor2": false,
        "tags": [
          "arrow_back"
        ],
        "defaultCode": 58820,
        "grid": 24
      },
      "attrs": [],
      "properties": {
        "order": 6,
        "ligatures": "arrow_back",
        "id": 45,
        "prevSize": 24,
        "code": 58820,
        "name": "arrow_back"
      },
      "setIdx": 9,
      "setId": 1,
      "iconIdx": 45
    },
    {
      "icon": {
        "paths": [
          "M512 170l342 342-342 342-60-60 238-240h-520v-84h520l-238-240z"
        ],
        "attrs": [],
        "isMulticolor": false,
        "isMulticolor2": false,
        "tags": [
          "arrow_forward"
        ],
        "defaultCode": 58824,
        "grid": 24
      },
      "attrs": [],
      "properties": {
        "order": 8,
        "ligatures": "arrow_forward",
        "id": 50,
        "prevSize": 24,
        "code": 58824,
        "name": "arrow_forward"
      },
      "setIdx": 9,
      "setId": 1,
      "iconIdx": 50
    },
    {
      "icon": {
        "paths": [
          "M512 128h298v128h-170v470h-2c-10 96-92 170-190 170-106 0-192-86-192-192s86-192 192-192c22 0 44 4 64 12v-396z"
        ],
        "attrs": [],
        "isMulticolor": false,
        "isMulticolor2": false,
        "tags": [
          "audiotrack"
        ],
        "defaultCode": 58273,
        "grid": 24
      },
      "attrs": [],
      "properties": {
        "order": 46,
        "ligatures": "audiotrack",
        "id": 66,
        "prevSize": 24,
        "code": 58273,
        "name": "audiotrack"
      },
      "setIdx": 9,
      "setId": 1,
      "iconIdx": 66
    },
    {
      "icon": {
        "paths": [
          "M884 198c16 16 16 44 0 60l-382 382-118-118 382-382c16-16 44-16 60 0zM298 598c70 0 128 58 128 128 0 94-76 170-170 170-64 0-130-34-170-86 36 0 84-28 84-84 0-70 58-128 128-128z"
        ],
        "attrs": [],
        "isMulticolor": false,
        "isMulticolor2": false,
        "tags": [
          "brush"
        ],
        "defaultCode": 58286,
        "grid": 24
      },
      "attrs": [],
      "properties": {
        "order": 56,
        "ligatures": "brush",
        "id": 111,
        "prevSize": 24,
        "code": 58286,
        "name": "settings"
      },
      "setIdx": 9,
      "setId": 1,
      "iconIdx": 111
    },
    {
      "icon": {
        "paths": [
          "M512 726c118 0 214-96 214-214s-96-214-214-214-214 96-214 214 96 214 214 214zM384 86h256l78 84h136c46 0 84 40 84 86v512c0 46-38 86-84 86h-684c-46 0-84-40-84-86v-512c0-46 38-86 84-86h136zM376 512c0-76 60-136 136-136s136 60 136 136-60 136-136 136-136-60-136-136z"
        ],
        "attrs": [],
        "isMulticolor": false,
        "isMulticolor2": false,
        "tags": [
          "photo_camera"
        ],
        "defaultCode": 58386,
        "grid": 24
      },
      "attrs": [],
      "properties": {
        "order": 40,
        "ligatures": "camera_alt, local_see, photo_camera",
        "id": 130,
        "prevSize": 24,
        "code": 58386,
        "name": "photo_camera"
      },
      "setIdx": 9,
      "setId": 1,
      "iconIdx": 130
    },
    {
      "icon": {
        "paths": [
          "M426 726l384-384-60-62-324 324-152-152-60 60zM810 128c48 0 86 40 86 86v596c0 46-38 86-86 86h-596c-48 0-86-40-86-86v-596c0-46 38-86 86-86h596z"
        ],
        "attrs": [],
        "isMulticolor": false,
        "isMulticolor2": false,
        "tags": [
          "check_box"
        ],
        "defaultCode": 59444,
        "grid": 24
      },
      "attrs": [],
      "properties": {
        "order": 42,
        "ligatures": "check_box",
        "id": 149,
        "prevSize": 24,
        "code": 59444,
        "name": "checkbox-checked"
      },
      "setIdx": 9,
      "setId": 1,
      "iconIdx": 149
    },
    {
      "icon": {
        "paths": [
          "M810 128c46 0 86 40 86 86v596c0 46-40 86-86 86h-596c-46 0-86-40-86-86v-596c0-46 40-86 86-86h596zM810 214h-596v596h596v-596z"
        ],
        "attrs": [],
        "isMulticolor": false,
        "isMulticolor2": false,
        "tags": [
          "check_box_outline_blank"
        ],
        "defaultCode": 59445,
        "grid": 24
      },
      "attrs": [],
      "properties": {
        "order": 41,
        "ligatures": "check_box_outline_blank",
        "id": 150,
        "prevSize": 24,
        "code": 59445,
        "name": "checkbox"
      },
      "setIdx": 9,
      "setId": 1,
      "iconIdx": 150
    },
    {
      "icon": {
        "paths": [
          "M810 274l-238 238 238 238-60 60-238-238-238 238-60-60 238-238-238-238 60-60 238 238 238-238z"
        ],
        "attrs": [],
        "isMulticolor": false,
        "isMulticolor2": false,
        "tags": [
          "close"
        ],
        "defaultCode": 58829,
        "grid": 24
      },
      "attrs": [],
      "properties": {
        "order": 7,
        "ligatures": "clear, close",
        "id": 157,
        "prevSize": 24,
        "code": 58829,
        "name": "close"
      },
      "setIdx": 9,
      "setId": 1,
      "iconIdx": 157
    },
    {
      "icon": {
        "paths": [
          "M810 854v-470h-596v470h596zM810 170c46 0 86 40 86 86v598c0 46-40 84-86 84h-596c-48 0-86-38-86-84v-598c0-46 38-86 86-86h42v-84h86v84h340v-84h86v84h42zM726 470v84h-86v-84h86zM554 470v84h-84v-84h84zM384 470v84h-86v-84h86z"
        ],
        "attrs": [],
        "isMulticolor": false,
        "isMulticolor2": false,
        "tags": [
          "date_range"
        ],
        "defaultCode": 59670,
        "grid": 24
      },
      "attrs": [],
      "properties": {
        "order": 39,
        "ligatures": "date_range",
        "id": 200,
        "prevSize": 24,
        "code": 59670,
        "name": "date"
      },
      "setIdx": 9,
      "setId": 1,
      "iconIdx": 200
    },
    {
      "icon": {
        "paths": [
          "M791.427 667.722v-435.149h-435.149v435.149h435.149zM791.427 169.993c33.472 0 62.582 29.108 62.582 62.582v435.149c0 33.472-29.108 61.125-62.582 61.125h-435.149c-33.472 0-61.125-27.65-61.125-61.125v-435.149c0-33.472 27.65-62.582 61.125-62.582h435.149zM232.573 295.153v496.273h496.273v62.582h-496.273c-33.472 0-62.582-29.108-62.582-62.582v-496.273h62.582zM634.25 459.608l110.606 145.535h-342.007l85.864-109.152 61.125 72.766z"
        ],
        "attrs": [],
        "isMulticolor": false,
        "isMulticolor2": false,
        "tags": [
          "filter"
        ],
        "defaultCode": 58323,
        "grid": 24
      },
      "attrs": [],
      "properties": {
        "order": 26,
        "ligatures": "filter",
        "id": 281,
        "prevSize": 24,
        "code": 58323,
        "name": "category"
      },
      "setIdx": 9,
      "setId": 1,
      "iconIdx": 281
    },
    {
      "icon": {
        "paths": [
          "M298 554v-84h598v84h-598zM298 810v-84h598v84h-598zM298 214h598v84h-598v-84zM86 470v-44h128v40l-78 88h78v44h-128v-40l76-88h-76zM128 342v-128h-42v-44h84v172h-42zM86 726v-44h128v172h-128v-44h84v-20h-42v-44h42v-20h-84z"
        ],
        "attrs": [],
        "isMulticolor": false,
        "isMulticolor2": false,
        "tags": [
          "format_list_numbered"
        ],
        "defaultCode": 57922,
        "grid": 24
      },
      "attrs": [],
      "properties": {
        "order": 51,
        "ligatures": "format_list_numbered",
        "id": 334,
        "prevSize": 24,
        "code": 57922,
        "name": "suscription"
      },
      "setIdx": 9,
      "setId": 1,
      "iconIdx": 334
    },
    {
      "icon": {
        "paths": [
          "M512 712.403l-236.189 143.145 62.626-268.396-207.56-180.72 273.764-23.261 107.358-252.293 107.358 252.293 273.764 23.261-207.56 180.72 62.626 268.396z"
        ],
        "attrs": [],
        "isMulticolor": false,
        "isMulticolor2": false,
        "tags": [
          "star"
        ],
        "defaultCode": 59448,
        "grid": 24
      },
      "attrs": [],
      "properties": {
        "order": 27,
        "ligatures": "grade, star",
        "id": 362,
        "prevSize": 24,
        "code": 59448,
        "name": "star"
      },
      "setIdx": 9,
      "setId": 1,
      "iconIdx": 362
    },
    {
      "icon": {
        "paths": [
          "M644 342v-86c0-72-60-132-132-132s-132 60-132 132v86h264zM512 726c46 0 86-40 86-86s-40-86-86-86-86 40-86 86 40 86 86 86zM768 342c46 0 86 38 86 84v428c0 46-40 84-86 84h-512c-46 0-86-38-86-84v-428c0-46 40-84 86-84h42v-86c0-118 96-214 214-214s214 96 214 214v86h42z"
        ],
        "attrs": [],
        "isMulticolor": false,
        "isMulticolor2": false,
        "tags": [
          "lock"
        ],
        "defaultCode": 59543,
        "grid": 24
      },
      "attrs": [],
      "properties": {
        "order": 32,
        "ligatures": "https, lock",
        "id": 392,
        "prevSize": 24,
        "code": 59543,
        "name": "lock"
      },
      "setIdx": 9,
      "setId": 1,
      "iconIdx": 392
    },
    {
      "icon": {
        "paths": [
          "M362 576l-148 192h596l-192-256-148 192zM896 810c0 46-40 86-86 86h-596c-46 0-86-40-86-86v-596c0-46 40-86 86-86h596c46 0 86 40 86 86v596z"
        ],
        "attrs": [],
        "isMulticolor": false,
        "isMulticolor2": false,
        "tags": [
          "photo"
        ],
        "defaultCode": 58384,
        "grid": 24
      },
      "attrs": [],
      "properties": {
        "order": 43,
        "ligatures": "image, insert_photo, photo",
        "id": 393,
        "prevSize": 24,
        "code": 58384,
        "name": "photo"
      },
      "setIdx": 9,
      "setId": 1,
      "iconIdx": 393
    },
    {
      "icon": {
        "paths": [
          "M512 470l342-214h-684zM854 768v-426l-342 212-342-212v426h684zM854 170c46 0 84 40 84 86v512c0 46-38 86-84 86h-684c-46 0-84-40-84-86v-512c0-46 38-86 84-86h684z"
        ],
        "attrs": [],
        "isMulticolor": false,
        "isMulticolor2": false,
        "tags": [
          "mail_outline"
        ],
        "defaultCode": 57569,
        "grid": 24
      },
      "attrs": [],
      "properties": {
        "order": 34,
        "ligatures": "mail_outline",
        "id": 485,
        "prevSize": 24,
        "code": 57569,
        "name": "mail2"
      },
      "setIdx": 9,
      "setId": 1,
      "iconIdx": 485
    },
    {
      "icon": {
        "paths": [
          "M682 470l-298 170v-342zM896 726v-512h-768v512h768zM896 128c46 0 86 38 86 86l-2 512c0 46-38 84-84 84h-214v86h-340v-86h-214c-48 0-86-38-86-84v-512c0-48 38-86 86-86h768z"
        ],
        "attrs": [],
        "isMulticolor": false,
        "isMulticolor2": false,
        "tags": [
          "ondemand_video"
        ],
        "defaultCode": 58938,
        "grid": 24
      },
      "attrs": [],
      "properties": {
        "order": 50,
        "ligatures": "ondemand_video",
        "id": 532,
        "prevSize": 24,
        "code": 58938,
        "name": "video"
      },
      "setIdx": 9,
      "setId": 1,
      "iconIdx": 532
    },
    {
      "icon": {
        "paths": [
          "M512 598c114 0 342 56 342 170v86h-684v-86c0-114 228-170 342-170zM512 512c-94 0-170-76-170-170s76-172 170-172 170 78 170 172-76 170-170 170z"
        ],
        "attrs": [],
        "isMulticolor": false,
        "isMulticolor2": false,
        "tags": [
          "person"
        ],
        "defaultCode": 59389,
        "grid": 24
      },
      "attrs": [],
      "properties": {
        "order": 23,
        "ligatures": "person",
        "id": 557,
        "prevSize": 24,
        "code": 59389,
        "name": "person"
      },
      "setIdx": 9,
      "setId": 1,
      "iconIdx": 557
    },
    {
      "icon": {
        "paths": [
          "M682 768v-598h-384v598h384zM490 938c36 0 64-28 64-64s-28-64-64-64-64 28-64 64 28 64 64 64zM662 42c58 0 106 50 106 108v724c0 58-48 108-106 108h-342c-58 0-106-50-106-108v-724c0-58 48-108 106-108h342z"
        ],
        "attrs": [],
        "isMulticolor": false,
        "isMulticolor2": false,
        "tags": [
          "phone_iphone"
        ],
        "defaultCode": 58149,
        "grid": 24
      },
      "attrs": [],
      "properties": {
        "order": 33,
        "ligatures": "phone_iphone",
        "id": 567,
        "prevSize": 24,
        "code": 58149,
        "name": "phone"
      },
      "setIdx": 9,
      "setId": 1,
      "iconIdx": 567
    },
    {
      "icon": {
        "paths": [
          "M512 384c70 0 128 58 128 128s-58 128-128 128-128-58-128-128 58-128 128-128zM512 726c118 0 214-96 214-214s-96-214-214-214-214 96-214 214 96 214 214 214zM512 192c214 0 396 132 470 320-74 188-256 320-470 320s-396-132-470-320c74-188 256-320 470-320z"
        ],
        "attrs": [],
        "isMulticolor": false,
        "isMulticolor2": false,
        "tags": [
          "visibility"
        ],
        "defaultCode": 59636,
        "grid": 24
      },
      "attrs": [],
      "properties": {
        "order": 35,
        "ligatures": "remove_red_eye, visibility",
        "id": 620,
        "prevSize": 24,
        "code": 59636,
        "name": "visibility"
      },
      "setIdx": 9,
      "setId": 1,
      "iconIdx": 620
    },
    {
      "icon": {
        "paths": [
          "M86 896v-298l640-86-640-86v-298l896 384z"
        ],
        "attrs": [],
        "isMulticolor": false,
        "isMulticolor2": false,
        "tags": [
          "send"
        ],
        "defaultCode": 57699,
        "grid": 24
      },
      "attrs": [],
      "properties": {
        "order": 13,
        "ligatures": "send",
        "id": 658,
        "prevSize": 24,
        "code": 57699,
        "name": "send"
      },
      "setIdx": 9,
      "setId": 1,
      "iconIdx": 658
    },
    {
      "icon": {
        "paths": [
          "M726 470v-86h-86v86h86zM554 470v-86h-84v86h84zM384 470v-86h-86v86h86zM854 86c46 0 84 38 84 84v512c0 46-38 86-84 86h-598l-170 170v-768c0-46 38-84 84-84h684z"
        ],
        "attrs": [],
        "isMulticolor": false,
        "isMulticolor2": false,
        "tags": [
          "textsms"
        ],
        "defaultCode": 57560,
        "grid": 24
      },
      "attrs": [],
      "properties": {
        "order": 22,
        "ligatures": "sms, textsms",
        "id": 704,
        "prevSize": 24,
        "code": 57560,
        "name": "sms"
      },
      "setIdx": 9,
      "setId": 1,
      "iconIdx": 704
    },
    {
      "icon": {
        "paths": [
          "M810 128h172v512h-172v-512zM640 128c46 0 86 40 86 86v426c0 24-10 44-26 60l-280 282-46-46c-12-12-18-26-18-44v-14l42-196h-270c-46 0-86-38-86-84l2-4h-2v-82c0-12 2-22 6-32l130-300c12-30 42-52 78-52h384z"
        ],
        "attrs": [],
        "isMulticolor": false,
        "isMulticolor2": false,
        "tags": [
          "thumb_down"
        ],
        "defaultCode": 59611,
        "grid": 24
      },
      "attrs": [],
      "properties": {
        "order": 59,
        "ligatures": "thumb_down",
        "id": 755,
        "prevSize": 24,
        "code": 59611,
        "name": "dislike"
      },
      "setIdx": 9,
      "setId": 1,
      "iconIdx": 755
    },
    {
      "icon": {
        "paths": [
          "M982 426l-2 4h2v82c0 12-2 22-6 32l-130 300c-12 30-42 52-78 52h-384c-46 0-86-40-86-86v-426c0-24 10-44 26-60l280-282 46 46c12 12 18 26 18 44v14l-42 196h270c46 0 86 38 86 84zM42 896v-512h172v512h-172z"
        ],
        "attrs": [],
        "isMulticolor": false,
        "isMulticolor2": false,
        "tags": [
          "thumb_up"
        ],
        "defaultCode": 59612,
        "grid": 24
      },
      "attrs": [],
      "properties": {
        "order": 58,
        "ligatures": "thumb_up",
        "id": 756,
        "prevSize": 24,
        "code": 59612,
        "name": "like"
      },
      "setIdx": 9,
      "setId": 1,
      "iconIdx": 756
    },
    {
      "icon": {
        "paths": [
          "M170 810h684v86h-684v-86zM682 554l-170 172-170-172h128v-426h84v426h128z"
        ],
        "attrs": [],
        "isMulticolor": false,
        "isMulticolor2": false,
        "tags": [
          "vertical_align_bottom"
        ],
        "defaultCode": 57944,
        "grid": 24
      },
      "attrs": [],
      "properties": {
        "order": 12,
        "ligatures": "vertical_align_bottom",
        "id": 790,
        "prevSize": 24,
        "code": 57944,
        "name": "download"
      },
      "setIdx": 9,
      "setId": 1,
      "iconIdx": 790
    },
    {
      "icon": {
        "paths": [
          "M512 426h-86v86h-42v-86h-86v-42h86v-86h42v86h86v42zM406 598c106 0 192-86 192-192s-86-192-192-192-192 86-192 192 86 192 192 192zM662 598l212 212-64 64-212-212v-34l-12-12c-48 42-112 66-180 66-154 0-278-122-278-276s124-278 278-278 276 124 276 278c0 68-24 132-66 180l12 12h34z"
        ],
        "attrs": [],
        "isMulticolor": false,
        "isMulticolor2": false,
        "tags": [
          "zoom_in"
        ],
        "defaultCode": 59647,
        "grid": 24
      },
      "attrs": [],
      "properties": {
        "order": 60,
        "ligatures": "zoom_in",
        "id": 842,
        "prevSize": 24,
        "code": 59647,
        "name": "zoom_in"
      },
      "setIdx": 9,
      "setId": 1,
      "iconIdx": 842
    },
    {
      "icon": {
        "paths": [
          "M768 686c68 0 124 56 124 124s-56 126-124 126-124-58-124-126c0-10 0-20 2-28l-302-176c-24 22-54 34-88 34-70 0-128-58-128-128s58-128 128-128c34 0 64 12 88 34l300-174c-2-10-4-20-4-30 0-70 58-128 128-128s128 58 128 128-58 128-128 128c-34 0-64-14-88-36l-300 176c2 10 4 20 4 30s-2 20-4 30l304 176c22-20 52-32 84-32z"
        ],
        "attrs": [
          {}
        ],
        "isMulticolor": false,
        "isMulticolor2": false,
        "tags": [
          "share"
        ],
        "grid": 24
      },
      "attrs": [
        {}
      ],
      "properties": {
        "order": 1,
        "id": 2,
        "prevSize": 24,
        "code": 59649,
        "name": "share"
      },
      "setIdx": 10,
      "setId": 0,
      "iconIdx": 0
    },
    {
      "icon": {
        "paths": [
          "M406 598c106 0 192-86 192-192s-86-192-192-192-192 86-192 192 86 192 192 192zM662 598l212 212-64 64-212-212v-34l-12-12c-48 42-112 66-180 66-154 0-278-122-278-276s124-278 278-278 276 124 276 278c0 68-24 132-66 180l12 12h34z"
        ],
        "attrs": [
          {}
        ],
        "isMulticolor": false,
        "isMulticolor2": false,
        "tags": [
          "search"
        ],
        "grid": 24
      },
      "attrs": [
        {}
      ],
      "properties": {
        "order": 2,
        "id": 1,
        "prevSize": 24,
        "code": 59650,
        "name": "search"
      },
      "setIdx": 10,
      "setId": 0,
      "iconIdx": 1
    },
    {
      "icon": {
        "paths": [
          "M128 256h768v86h-768v-86zM128 554v-84h768v84h-768zM128 768v-86h768v86h-768z"
        ],
        "attrs": [
          {}
        ],
        "isMulticolor": false,
        "isMulticolor2": false,
        "tags": [
          "menu"
        ],
        "grid": 24
      },
      "attrs": [
        {}
      ],
      "properties": {
        "order": 1,
        "id": 0,
        "prevSize": 24,
        "code": 59648,
        "name": "menu"
      },
      "setIdx": 10,
      "setId": 0,
      "iconIdx": 2
    }
  ],
  "height": 1024,
  "metadata": {
    "name": "icomoon"
  },
  "preferences": {
    "showGlyphs": true,
    "showCodes": true,
    "showQuickUse": true,
    "showQuickUse2": true,
    "showSVGs": true,
    "fontPref": {
      "prefix": "icon-",
      "metadata": {
        "fontFamily": "icomoon"
      },
      "metrics": {
        "emSize": 1024,
        "baseline": 6.25,
        "whitespace": 50
      },
      "embed": false
    },
    "imagePref": {
      "prefix": "icon-",
      "png": true,
      "useClassSelector": true,
      "color": 0,
      "bgColor": 16777215,
      "classSelector": ".icon",
      "height": 32,
      "columns": 16,
      "margin": 16
    },
    "historySize": 100,
    "gridSize": 16,
    "showGrid": true
  }
}